Material,Magnetic Entropy Change,Magnetic Field,Curie Temperature,source,Number
DyCo2,5.45,1 T,142,6,55
Gd,4.47,5 T,294,9,281
Gd,4.47,5 T,290,9,282
Gd,4.47,5 T,288,9,283
MnSi,,Not mentioned kOe,Not mentioned,28,280
La4/3Sr5/3Mn2O7,3.2,nan kOe,,30,252
Gd5Ge4,-22.31,2.5 T,,38,162
Mn3GaC,33,nan T,159,42,269
YCrO3,-0.38,8 T,,61,399
Dy2Ni3Si5,,nan kOe,19,62,36
DyNiSi2,,nan kOe,9,62,69
DyNiSi3,,nan kOe,21,62,70
ErCuAl,22.9,0-5 T,,69,93
HoCuAl,23.9,0-5 T,,69,232
CuCr2Se4,,nan T,430,91,20
SmMn2Ge2,0.65(J/mol K),nan T,,92,335
SmMn2Ge2,0.53(J/mol K),nan T,,92,336
Sr2FeMoO6,0.413,1.5 T,391,107,349
DyCo2,2.3,0.4 T,142,124,52
DyCo2,4.8,0.8 T,142,124,53
DyCo2,5.8,1.0 T,142,124,54
DyHoCo medium entropy microwires,11.2,5 T,35,132,64
Gd34Ni33Al33,11.06,5 T,,140,154
HoErCo MEA,15,5.0 T,16,161,234
GdFeAl,3.7,nan T,265,191,182
GdNi5,12.8,7 T,35,201,190
Fe3Se4 nanorods,-0.046,60 kOe,323,211,112
EuTiO3,49,7 T,5.6,230,103
Ho3Ni6Al2,19.7,0-5 T,,231,219
Co@Au nanoparticles,3.11,9 T,,233,13
DyCoAl,-18,9 T,37,253,56
DyVO4,25.5,5 T,3.9,263,74
Y2NiMnO6,-6.57,nan kOe,85,264,398
PrSi,-8.6,0-2 T,52,265,329
PrSi,-15.3,0-5 T,52,265,330
LaMnO3,0.8（J/mol K）,nan T,,275,260
LaMnO3,1.8(J/mol K),nan T,,275,261
LaMnO3,5.7(J/mol K),nan T,,275,262
HoPd,20,0-5 T,,278,242
DyCuSi,24,nan T,10,280,60
Pure Gd,,,295 (1),282,331
HoZn,15.2,7 T,,293,243
SmNiC2,14.1,nan T,17.5,302,344
VI3,0.95,4.5 T,,304,397
GdFeO3,50.2,nan kOe,,305,183
Dy2CuAl3,6.68,0-5 T,,307,31
Tm2CuAl3,11.33,0-5 T,,307,389
Mn3GaC,,nan T,159,315,268
HoFeO3,27 (at 9.5 K) and 6 (at T-SR),nan T,,323,236
LaMnO3,,,95,324,263
Ho4CoCd,18.1,nan kOe,22,330,223
Tm4CoCd,19.2,nan kOe,4.5,330,390
Gd62Co38,-2.8,10 kOe,193,332,166
Gd65Co35,-2.9,10 kOe,185,332,167
Gd68Co32,-3,10 kOe,175,332,168
Gd2O3,29,5 T,,355,151
TbAl2,14.3,5 T,105,364,368
TbMn2Si2,16,0-5 T,Tc1 = 50; Tc2 = 64,381,378
SnCMn3,80.69(J/cm^3 K) (at 20 kOe),20 kOe,279,393,345
SnCMn3,133(J/cm^3 K) (at 48 kOe),48 kOe,279,393,346
LaMn2Ge2,1.42,,320,398,258
Nd2In,7.42,2 T,,400,286
GdCuAl,10.1,0-5 T,81,410,19
MnCoAl,3.73,5 T,285,411,273
MnCoGe,4.41,5 T,340,411,275
Ho3Al2,18.7,0-5 T,31-40,416,217
Ni67Cu33,-0.15,1 T,,419,310
Ni67Cu33,-0.72,7 T,,419,311
La2NiMnO6,5,nan kOe,,420,251
Cr2Ge2Te6,2.64,5 T,,439,15
Cr2Si2Te6,5.05,5 T,,439,16
GdRuSi,10.7,nan kOe,,445,193
LaCrSb3,3.4/5.9/5.8 or2.55/2.49（rotating）,5 T,132,457,256
LaCoO3 thin films,,nan T,78,460,254
DyCoO3 NPs,16.6,60 kOe,,461,58
Ho3Rh,10,nan kOe,,468,221
Ho3Rh,5.1,nan kOe,14,468,222
Dy3Al2,5.2,nan kOe,94,472,43
Dy3Al2,12.1,nan kOe,69,472,44
TbNi2 alloy,13.9,5 T,,473,381
TbFeO3,17.42,50 kOe,,475,375
TmFeO3,-9.01,50 kOe,,475,391
GdB2,1.89,4 T,,480,173
Gd,17.5,140 kOe,,484,134
Gd3Ni6Al2,6.2,5 T,105.7,487,156
Tb3Ni6Al2,9.8,5 T,57.5,487,362
EuSn2P2,,50 kOe,30.2,493,102
CuCr2Te4,-1.57,5 T,320,496,21
EuTiO3,9.8,nan T,,502,105
Gd28Ni24Al48,14.5,nan kOe,,516,139
FeNiGaMnSi HEA,1.59,0-2 T,300-400,548,131
Ni2MnGa,-1.5 to -18,1 to 5 T,314,553,306
GdTbHoEr,8.64,5.0 T,,556,194
GdTbHoEr + La and Y,5.85,5.0 T,,556,195
GdTbHoErPr,6.92,nan T,,556,196
Gd3SbO7,354,9 T,,558,159
GdPd,20.14,5 T,,562,192
Dy2Co2Al,10.6,0-50 kOe,,570,27
Tb2Co2Al,6.4,0-50 kOe,,570,355
FeGe,2.86,7.0 T,279.1,576,128
GdCo2B2,17.1,5 T,,582,174
NdCo2B2,7.1,5 T,27,582,298
PrCo2B2,8.1,5 T,18,582,326
Gd2GeO5,50.3,8.9 T,,595,146
Mn27Cr7Ni33Ge25Si8 HEA,2.49,nan T,,596,267
GdCrO3,36.97,7 T,,619,180
UNiGa,3.56,5 T,,625,394
HoCoSi,22 (parallel to texture),0-5 T,13.7,626,230
HoCoSi,12 (perpendicular to texture),0-5 T,13.7,626,231
CoMnSb,2.06,0.9 T,471,638,14
CrO2,8.46,0-5 T,,641,18
Gd75Cu25,7,nan T,144,643,170
Nanomaterial with the spin vector and its amplitude was 5/2,3.53,8 T,14.46,651,285
Yb2Ti2O7,,,0.14,664,400
Gd4Co3,5.74,5 T,220,676,160
LCMO/Fe3O4,5.58,1 T,,688,245
LCMO/YSZ,2.39,1 T,,688,246
CuNMn3,3.49/6.38,20/45 kOe,141,709,23
Gd5Si2Ge2,4.38 - 13.32,1.5 T,Not mentioned,714,164
Ni53Mn22Ga25,-4.7,5 T,,715,309
Gd5Si2Ge2,,nan T,274,718,165
Fe87Ce8B5 AA,-3.65 (at 5 T),5.0 T,283,736,122
Fe87Ce8B5 AA,-1.47 (at 1.5 T),1.5 T,283,736,123
Fe87Zr8B5 AA,,nan T,306,736,124
CrI3,3.21,4.5 T,,752,17
FeRh,24.8,nan T,370,758,132
Dy2NiMnO6,10.9,7 T,,778,39
Dy2NiMnO6,3.9,7 T,,778,40
Er2NiMnO6,12.2,7 T,,778,81
Er2NiMnO6,4.8,7 T,,778,82
Ho2NiMnO6,11.4,7 T,,778,211
Ho2NiMnO6,4.2,7 T,,778,212
ErCo2,12(J/mol K),nan T,32,781,87
Fe2Mn2O7,1,5 T,68,785,106
DyCu2,-4.31,50 kOe,,786,59
FeZrBCu,,2 T,210 - 320,801,133
MgTi2O4,,,258,807,266
Pr5Si3,11.6/6.0,50/20 kOe,47,830,323
CuMn2O4,3.5-4.6,70 kOe,,843,22
MnBi,17.6,nan T,628,844,272
Gd2CuSi3,5,0-5 T,,875,143
Pr2CuSi3,7.6,0-5 T,,875,318
Gd75Ni25,8,5 T,123,880,171
Ho3Pd2,18.6,5 T,9.6,902,220
GdAlO3,40.9,0-9 T,,916,172
GdMnO3,18,nan T,,916,187
Tb3Al2,,nan kOe,190,917,359
TbCu2Si2 compound,40.78,2 T,,929,373
ScGdHo alloy,8.93,0-5 T,,932,332
GdMn2Si2,5.9,nan T,60,948,186
SmMn2Si2,3.4,nan T,,948,337
TbPdAl,-11.4,nan T,,957,385
TmMnO3,8.73,70 kOe,,971,392
LCSM,7.12,5 T,,979,247
LSMN,3.9,5 T,,979,248
Dy2PdSi3,16.6,5 T,,990,41
Er2PdSi3,22,5 T,,990,83
Gd2PdSi3,11.8,5 T,,990,152
LaFeO3, N/A,, N/A,993,257
Ba2FeMoO6,0.93,2.5 T,,1001,14
CeFe2,7.9,,360,1006,22
Gd6YPd3 ribbon,8.18,nan T,115,1019,278
Fe62Gd4Tb5B23Nb4,0.84,2 T,380,1023,189
Fe64Gd2Tb5B23Nb4,1.16,2 T,440,1023,191
TmCoAl,18.2,5 T,,1029,592
Dy2In,8.8,nan T,,1031,64
EuMnO3,15.23,1.2 T,,1034,179
Gd65Ni35,6.9,0-5 T,,1042,270
Gd68Ni32,8,0-5 T,,1042,271
Pr2CuMnO6,1.47,7.0 T,35,1055,500
DyNi2Si2,-6.9,2 T,6.5,1059,100
ErNi2Si2,-15.1,5 T,3.5,1059,163
HoNi2Si2,-10.9,5 T,4.9,1059,401
NdMnO3,,,Varies with x,1063,475
Fe88Ce5Pr2B5,-3.97,5 T,-309,1073,204
DyMn2,-15.7,0-5 T,,1075,96
ErMn2,-25.5,0-5 T,,1075,152
HoMn2,-18.4,0-5 T,,1075,390
TbMn2,8.3,0-1 T,,1075,566
NdCo2,8.75,5 T,102,1081,468
Er3Ni2,19.5,0-5 T,,1082,129
Ho3Ni2,21.7,0-5 T,,1082,346
DyTiGe,<2,5 T,10.5,1101,114
Dy2Cr2C3,13.5,5 T,,1103,58
Glassy system, N/A,, Above 43,1111,319
Er2CoSi2,13.6 at 32 K,8.4 at 12 K kOe,50,1112,118
Gd2FeCoSi2,Small MCE,Around Tc kOe,,1112,244
Ho2CoSi2,8.1 at 72 K,9.4 at 23 K kOe, N/A,1112,328
Tb2CoSi2,Small MCE,Around Tc kOe,,1112,537
Tb2FeSi2,Remarkable hysteresis,Around Tc kOe,5,1112,538
HoTiGe,Calculated from magnetization data,nan T,,1130,408
GdPO4 NRs,56.2,60 kOe,Below 15,1135,313
FeRh,160,0-0.5 T,370,1137,214
NiMnGa,30,0-1.6 T,Unknown,1137,495
Gd,,nan T,293.4,1138,220
TbNi4Si,-6.3,0-50 kOe,37,1143,571
Dy2Cu2In,16.5 (around Tc)6.7 (around Ts),0-7 T,49.5,1149,61
GdNi2Al3,,,7,1150,305
GdNi5,,,34,1150,310
Fe62Cr6Tb5B23Nb4,1.16 - 0.53,2.0 T,267 - 487,1157,188
TbCo2,5.3,4 T,,1160,559
Y2Co2,1.9,4 T,,1160,604
NdPd,12.2,5 T,15.5,1166,479
Gd25Dy25Co25Al25,9.78,5 T,67,1170,234
Gd25Ho25Co25Al25,9.78,5 T,50,1170,235
Gd25Tb25Co25Al25,9.78,5 T,73,1170,236
Tb2Rh3Ge,12.74,0-9 T,56,1192,543
TmAgAl,14.1,7 T,3.3,1193,591
TmZnAl,11.8,7 T,2.8,1193,603
NdGa,21.1,0-7 T,42,1196,471
NdGa,16.6,7 T,,1196,472
NdGa,10.1,2 T,,1196,473
Gd,0.04,nan T,293,1198,221
GdN,,,61.2,1204,302
TbN,,,18.5-43.8,1204,568
Eu3B2O6,38.6,5 T,8,1212,172
Nd6Co2Si3,5.3,5 T,84.5,1219,467
Tb6Co2Si3,6.8,5 T,186.9,1219,556
Er3Co,24.5,0-5 T,13,1231,128
LCSFMO,1.53,3 T,,1251,414
NdFe2Si2,6.4,5 T,,1261,470
PrFe2Si2,12.4,5 T,,1261,508
TbNiAl4,5.0 and 7.9,2 and 6 (H//a) T,,1264,576
TmMn2Si2,22.7,5 T,5.5,1269,600
YTiO3,1.91,5 T,26.5,1270,609
DySe2,11.7,>10 kOe,4.7,1281,113
CoCr2O4,-0.88,7 T,96,1286,34
ErMn2,2.5,5 T,15,1287,153
SrRuO3,1.65,50 kOe,,1293,533
TbCo2,,,231,1299,560
TbNiAl,13.8,50 kOe,,1301,575
EuTiO3,40.4,5 T,,1302,182
EuTiO3,22.3,2 T,,1302,183
EuTiO3,11,1 T,,1302,184
DyCo2B2C,17.79,0-5 T,7.7,1307,86
GdCo2B2C,10.34,0-5 T,17.2,1307,280
TbCo2B2C,18.09,0-5 T,5.3,1307,562
Dy2TiMnO7,12.5,0-7 T,7.6,1320,67
Ho2TiMnO7,13.95,0-7 T,7.5,1320,342
Er3AlC,13.9 (0-2 T)or 30.5 (0-5 T),2or 5 T,4.1,1325,127
Ni2MnGa Nanowires,0.35,,,1341,485
Ni2MnGa alloy,,,400,1347,486
ErCrO4,20.5,5 T,14.9,1353,148
GdCrO4,22.8,5 T,22,1353,287
Er2Ni2Ga,12.93,0-70 kOe,7.1,1354,123
ErCoC,18.7,0-5 T,10,1357,144
TbCoC,16.5,0-5 T,22,1357,563
GdCuO3,0.219-1,1-5 T,800,1358,293
Mn5Ge3,6,30 kOe,,1365,443
LaMnO3,4.02-6.36,50 kOe,77-262,1371,427
Tb5Si2Sb2,4.4,5 T,181,1381,553
DyScO3,17.04,0-20 kOe,3.5,1395,107
DyScO3,21.18,0-50 kOe,3.5,1395,108
DyScO3,,10 kOe,3.5,1395,109
DyScO3,,20 kOe,3.5,1395,110
DyScO3,8.49,nan kOe,,1395,111
DyScO3,16.94,nan kOe,,1395,112
FeCoNiCr,0.5(emu/g),20.0 T,104,1406,207
FeCoNiCrAl,25(emu/g),nan T,277,1406,208
FeCoNiCrGa,38(emu/g),nan T,703,1406,209
SmNi3CoB,-0.49,0-50 kOe,90,1442,522
SmNi3CuB,-0.54,0-50 kOe,60,1442,523
SmNi3FeB,-0.54,0-50 kOe,320,1442,524
SmNi3MnB,-1.5,0-50 kOe,205,1442,525
SmNi4B,-0.94,0-50 kOe,40,1442,526
GdCo3B2,5,2 T,54 (Gd-Gd ordering),1443,281
GdCo3B2,11.6,7 T,,1443,282
DyCoNi,15.5,7.0 T,68,1444,88
Fe87Zr7B4Dy2,0,,342,1445,201
Fe87Zr7B4Gd2,0,,342,1445,202
Fe87Zr7B4Tb2,0,,342,1445,203
Amorphous TbCuAl,4.5,,,1461,11
TbCuAl,14.4,,,1461,51
CrOCl,4.31,nan kOe,14,1464,48
Gd5Si2Ge2,7.25,0-5 T,303,1467,265
HoFeWO6,5,70 kOe,17,1470,387
CoFeCuO4,0.6,5 T,688,1478,40
Tm3Co,19.9,5 T,4.5 and 6.5,1485,588
ErMnO3,10.57,50 kOe,,1488,155
Sr2FeMoO6,,nan T,358-365,1502,529
Ho2CoMnO6,3.4,7 T,69,1505,327
Ho2FeMnO6,10.2,7 T,7.5,1505,335
Ho2NiMnO6,4.7,7 T,71.5,1505,338
Ho3Co,-14.5,0-5 T,21,1510,343
Tb2In,6.6,,,1513,539
CoCr2O4,-0.87,6 T,96,1516,35
Dy2Co2Al,-6.6,50 kOe,58,1519,53
Gd2Co2Al,-10.4,50 kOe,78,1519,239
Tb2Co2Al,-7.6,50 kOe,98,1519,535
MnCoGe,-2.8(-4.0),5 T,,1525,450
HoNi2,-16.9 to -27.2,2 to 5 T,13.9,1535,398
GdFe2Si2,30.01,0-7 T,,1553,296
Fe88La4Ce3B5,3.93,5 T,,1558,205
ErNi2,,Up to 11 T,6.5,1578,159
HoNi2,,Up to 11 T,13.5,1578,399
Sm2Co2Al,-1.62,50 kOe,50 and 14,1581,513
Sm2Co2Ga,-1.31,50 kOe,62 and 16,1581,514
PdAs2O6,1.72(J/mol K),nan T,140,1583,498
Gd3Fe4Si,,nan T,T-1 = 57/ T-2 = 72/ T-3 = 225/ T-4 = 295,1595,253
Nd5Ge2Si,6,7 T,,1598,465
Nd5Si3,4.3,7 T,112,1598,466
HoFeO3,19.2,7 T,,1607,385
HoFeO3,15.8,7 T,,1607,386
Dy3NiSi3,-1.2,50 kOe,140,1611,72
Gd5Ge4,,50 kOe,1200,1611,260
ErNi2 ribbons,24.1 (for mu(0)Delta H = 5 T),5 T,6.8,1621,160
NdNi4Si,-3.3,50 kOe,12,1624,477
ErNi2Si,13.9,50 kOe,7,1627,162
HoNi2Si,-15.6,50 kOe,9,1627,400
Gd25Co25Al25Y25,,,40,1628,233
MnFe4Si3,Enhanced but modest,nan T,,1633,453
Dy5Si3,,nan T,137,1638,80
Ho3Pd2,18.3, '0-5' T,9.6,1644,347
DyMnO3,8.93,50 kOe,14,1648,97
EuMnO3,9.31,50 kOe,50,1648,180
Er2Cu2Cd,19.1,7 T,36,1651,120
Gd2Cu2Cd,10.1,7 T,120,1651,242
ErFeSi,23.1,5 T,22,1656,151
Fe,1.9,1 T,1043,1656,186
Gd,10.7,2 T,293,1656,222
Ni,2.5,1 T,631,1656,482
LNSMO,1.1,1.5 T,,1657,415
LNSMO/5CuO,2.55,1.5 T,,1657,416
Co35Er65 ribbon,5.97,0-5 T,10,1666,31
Gd5Si4,,5 T,336 (reduced to 330 K),1682,268
FeRh,12,0-2 T,Unknown,1685,215
Ho2CrMnO6,11.03,7 T,6.1,1686,330
DyZn,12.2,0-7 T,135,1688,115
Er6MnBi2,10.6,,98,1696,139
Ho3Er3MnBi2,7.3,,147,1696,345
Ho6MnBi2,5,,201,1696,362
Er3Pd2,8.9,50 kOe,10,1704,130
HoCo2 nanoparticles,19.4,7 T,78,1710,369
Ho6FeBi2,3.4-5.7,5 T,320-360,1722,361
Ho6MnBi2,3.4-5.7,5 T,240-260,1722,363
Nd2In,13.2,7 T,,1723,463
Pr2In,19.5,7 T,,1723,501
AlFe2B2,-1.3,,285,1736,3
AlCMn3,3.28,4.5 T,287,1738,2
MnBi,14,2 T,633,1747,448
Ni7Cu3 alloy,1.3 (at 5T)/ 1.1 (at 4T)/ 0.8 (at 3T)/ 0.6 (at 2T)/ 0.3 (at 1T),1/ 2/ 3/ 4/ 5 T,293.7,1754,491
MnFeCoNiGeSi,-13.67,0-5 T,,1755,454
ErNiBC,24.8,0-50 kOe,5,1761,166
Tm4PdMg,18,7 T,6,1763,589
Tm4PtMg,16.5,7 T,4.5,1763,590
HoCo3B2,7.8 (0-2 T), 0-2 T T,11.8 (Tc),1771,371
HoCo3B2,12.7 (0-5 T), 0-5 T T,11.8 (Tc),1771,372
HoCo3B2,14.4 (0-7 T), 0-7 T T,11.8 (Tc),1771,373
DyNiBC,17.4,0-5 T,,1790,103
HoNiBC,21.5,0-5 T,Below TN (antiferromagnetic to ferromagnetic),1790,403
TbNiBC,20.8,0-5 T,,1790,578
FeRh,12.2,1.2 T,,1795,216
Gd,,0.5 T,293,1795,223
Ho2PdSi3,27.5,5 T,,1806,341
Er4PtMg,22.5,7 T,16,1809,135
Ho4PtMg,16.9,7 T,28,1809,350
LaFe7Co4Si2,>1.2,12 kOe,~500,1812,421
LaFe8Co3Si2,>1.2,12 kOe,~450,1812,422
LaFe9Co2Si2,>1.2,12 kOe,~400,1812,423
Gd6FeBi2,-43,50 kOe,~350,1813,275
Gd6FeBi2,-2.3,20 kOe,~350,1813,276
ErTiSi,-8.9,0-5 T,46,1820,168
NiCoMnIn alloy,14 and 22,1.3 and 3 T,,1821,493
FeDy6Sb2,3.41,0-2.0 T,143.4,1826,212
Mn3GaC,,1.2 T,300,1827,433
Mn3GaGe,,1.5 T,320,1827,436
Mn3GaSn,1.8,0.97 T,280,1827,437
Mn3GaY,2.1,0.03 T,290,1827,438
NdSi,-6.8 (for field change of 0-20 kOe) and -12.4 (for field change of 0-50 kOe),20 and 50 kOe,46,1833,481
Fe74Co8Mn4Zr8Nb2B4,1.7,3.0 T,271-363,1837,196
Fe76Co6Mn4Zr8Nb2B4,1.7,3.0 T,271-363,1837,197
Fe78Co4Mn4Zr8Nb2B4,1.7,3.0 T,271-363,1837,198
Terbium,8.66,1.9 T,,1855,582
FeRh,,0.2 T,353,1860,217
Gd,10,2.0 T,,1860,224
Er3Rh2,20.01,0-5 T,13,1861,131
Ho3Rh2,14.01,0-5 T,4.5,1861,348
Nd3Rh2,3.78,0-5 T,23 and 8,1861,464
Ho5Pd2,11.5,5 T,32,1871,355
DyCo2,,nan T,138,1887,82
Ho2Cu2Cd,25.1,7 T,15 and 30,1891,331
LaCr2Si2C,1.234,5 T,18.5,1892,420
ErNiAl2,21.2,5 T,5,1893,165
HoNiAl2,14,5 T,7.5,1893,402
DyFeO3,16.62,20 kOe,,1894,94
Gd5Sn4,21.5 (as-cast)or 24.7 (annealed),20 kOe,82 (as-cast)or 80 (annealed),1919,269
DyCo2B2,12.1,5 T,,1920,85
HoCo2B2,12.2,5 T,,1920,370
DyNi,-32.7,140 kOe,61,1922,98
CeAgSb2,5.1,nan T,,1926,21
PrAgSb2,7.9,nan T,,1926,504
Dy2In,-7.1,0-40 kOe,125,1935,65
SmNi5,,,29,1941,527
HoN,36.6,5 T,,1943,391
B) alloy,2.23(J/mol K),,,1948,13
DyCr2Si2C,9.8,0-50 kOe,10.7,1953,89
GdCr2Si2C,21.7,0-50 kOe,10.9,1953,283
TbCr2Si2C,14.6,0-50 kOe,16.6,1953,564
ScMnO3,1.40(J/mol K),,129,1961,511
Gd3Ni6Ga2,-4.9,50 kOe,104,1967,256
TbNi4Si,-14.52,4 T,,1968,572
FeRh,-0.42,0.5 T,353,1984,218
Gd,10.5,1.0 T,293,1984,225
Dy5Pd2,8.3,50 kOe,,1986,78
ErAgAl,13.7,7 T,14,1993,140
HoAgAl,13.8,7 T,18,1993,364
Fe2CoAl NPs,2.65,20 kOe,,1995,187
TbCoC2,15.3,5 T,28,2009,370
TbCoC2,7.8,2 T,28,2009,371
DyMn2Si2,8.2,50 kOe,,2010,66
SmNi3CoSi,-0.37,nan kOe,46,2011,338
SmNi3CuSi,-0.5,nan kOe,12,2011,339
SmNi3FeSi,-0.4,nan kOe,190,2011,340
SmNi3MnSi,-1.1,nan kOe,125,2011,341
Dy3NiSi2,3.6,0-2 T T,29.3,2016,45
Dy3NiSi2,10.8,0-7 T T,65.4,2016,46
Dy3NiSi2,,0-2 T T,76.6,2016,47
Tb3NiSi2,4.5,0-2 T T,94,2016,363
Tb3NiSi2,11.1,0-7 T T,115,2016,364
Tb3NiSi2,,0-2 T T,134.2,2016,365
Tb3NiSi2,,0-7 T T,140.6,2016,366
SmNi4Si,-1,nan kOe,17,2027,342
Dy2BaCuO5,8.3,nan T,,2028,26
Er2BaCuO5,9.6,nan T,,2028,77
GdCr2Si2,14.1,5.0 T,,2034,177
GdCr2Si2,15,0.69 T,,2034,178
GdCr2Si2,14.9,nan T,,2034,179
FeMnO3,1.5,nan kOe,36,2051,129
Ho2Pd2Pb,17.8,8 T,4.5,2055,214
DyNiSi2,,nan T,25,2056,68
ErNiSi2,27.9,0-5 T,3,2056,98
GdNiSi2,,nan T,<30,2056,191
HoNiSi2,,nan T,10.5,2056,241
TmNiSi2,,nan T,3.5,2056,393
ZnFe3N,,nan T,760,2067,402
Gd3Ni2In4,4.57,9 T,21 and 55.5,2075,155
Nanocrystalline ribbon,1.12,5 T,,2076,284
Ce5Ge4,9,90 kOe,,2082,9
Sr2DyTaO6,10.55,nan kOe,,2088,347
Sr2ErTaO6,8.56,nan kOe,,2088,348
Sr2HoTaO6,10.18,nan kOe,,2088,350
GdCo9Si2, -0.6 and 1.1 ,5 T,420,2105,175
DyCoGe,11.5,5 T,,2130,57
TbCoGe,14.5,5 T,16,2130,372
Gd2NiTiO6,31.28,0-50 kOe,4.3,2131,150
Ho2NiTiO6,11.98,0-50 kOe,3.9,2131,213
Tb2NiTiO6,13.08,0-50 kOe,4.5,2131,358
Nd5Si3,5,50 kOe,112,2134,290
Nd5Si2Sn,4.4,7 T,,2137,289
Nd5Si3,4.3,7 T,,2137,291
Pr5Si2Sn,7,7 T,,2137,321
Pr5Si3,12.1,7 T,,2137,322
DyTiSi,7.2(J/mol K),nan T,,2141,73
TbTiSi,6.1(J/mol K),nan T,,2141,387
LaMn2Si2,,nan T,319,2142,259
GdInO3,9.65,nan kOe,2.1,2144,185
Glassy Gd4Co3,-7.21,50 kOe,,2155,199
Glassy Gd4Co3,-3.81,20 kOe,,2155,200
Ho2SmCoMnO6,4.97,5 T,,2156,215
TbMn2Ge2,24.02,7 T,95,2158,377
GdTiO3,0.10(J/cm^3 K),5 T,33,2164,197
Gd powder,0.89,,,2166,136
CeCo4B,0.361,1 T,291,2169,11
DyMn2O5,11.09,70 kOe,,2176,65
Fe65Co35,0.1,,1040,2181,114
Gd6FeTe2,-4.9,50.0 kOe,212,2210,169
Ho6FeTe2,-12.9 to -6.2,50.0 kOe,6,2210,225
Er2MoO6,15.3,nan T,,2217,80
Ho2MoO6,15.8,nan T,,2217,208
ErCo2,9-33,0-5 T,,2222,86
Er2FeCoO6,14.6,nan T,2.7,2235,79
Gd2FeCoO6,21.57,nan T,4.9,2235,145
Dy2MoO6,17.22 (17.08),0-5 T,,2236,34
Gd2MoO6,27.68 (26.69),0-5 T,,2236,148
Tb2MoO6,17.03 (16.83),0-5 T,,2236,357
SmNi5,0.59,nan T,29,2238,343
Dy2Cu2O5,12,nan T,10.3,2249,30
Ho2Cu2O5,12.4,nan T,13.5,2249,206
CdNiAl2,16,nan kOe,281,2253,7
TbScO3,15.25 - 23.71,nan kOe,,2257,386
Dy2FeCrO6 oxide,12.64,nan kOe,15.5,2258,33
DyB2,17,nan T,,2261,50
DyB2,7.4,2.0 T,,2261,51
Fe86Zr9B5,1.13,1.5 T,330,2263,121
Gd2CoGe2,5.1,,143,2266,140
Gd2CoSi2,3,,213,2266,142
Gd4Tb8Co7,7.1,5 T,118.9,2270,161
Ni32Gd46Al22,10.16,5 T,,2285,307
ErAl,-16.4,0-5 T,,2295,85
HoAl,-22.5,0-5 T,,2295,228
MnRhAs,0.18(R),150 kOe,,2304,279
Pr2Co7 2:7H,1.1,1.6 T,580,2314,315
Pr2Co7 2:7R,3.7,1.6 T,600,2314,316
NiCeFeO4,0.43,5.0 T,640,2316,312
Ce4Sb3,8.9,5 T,,2325,8
YbPtGe,,nan kOe,5.4,2334,401
EuSe,37.5,5 T,,2356,101
Dy6FeSb2,Up to 6.9,Up to 5 T,129-370,2357,48
Dy6FeSbTe,Up to 6.9,Up to 5 T,129-370,2357,49
Er3Co2Ge3,-10.9,50.0 kOe,7,2380,84
Ho3Ni2Ge3,-10.9,50.0 kOe,11,2380,218
Sm3Co2Ge3,-10.9,50.0 kOe,,2380,333
Tb3Co2Ge3,-10.9,50.0 kOe,34,2380,360
Tb3Ni2Ge3,,nan kOe,33,2380,361
AlFe2B2,7.65,nan T,290,2385,2
NdMn2Ge2,-1.10 and -0.4,2 T,328,2399,303
Dy26Co9Ga8,,nan kOe,28,2404,25
Gd26Co9Ga8,,nan kOe,124,2404,138
Ho26Co9Ga8,,nan kOe,16,2404,203
Tb26Co8Ga9,-9.2,50.0 kOe,,2404,353
FeCoNiCrAl HEA,0.674,70 kOe,,2407,127
Ho2BaCuO5,10.4,7 T,,2418,204
AlFe2B2,6.95,nan T,302,2421,3
FeB doped AlFe2B2,9.89,nan T,306,2421,126
Dendrimer,4.16(J/mol K),0.6 T,305,2423,24
Gd2NiGa3,6.82,0-50 kOe,,2449,149
VFeCoNiAl,,nan T,155,2455,395
VFeCoNiCu,,nan T,230,2455,396
PrSi,4.4 - 13.7,1 - 5 T,55,2463,328
La2CoMnO6,4,nan T,232,2473,249
Ho7Rh3,3.06,5 T,,2476,226
Nd7Rh3,6.4,5 T,38.6,2476,292
DyNi4Si,14.5,9 T,11,2477,67
MnPS3,6.8,3 T,9,2480,277
HoMnO3,13.1,7 T,,2492,237
NdCo2,7.33,5 T,,2497,295
ErGa,21.3 and 16.5,5 T,30,2510,97
Fe68Cr2Nb4Y6B22 alloy,0.76-1.05,1.5 T,271-367,2517,115
Fe68Cr3Nb4Y6B22 alloy,0.76-1.05,1.5 T,271-367,2517,116
Fe68Cr4Nb4Y6B22 alloy,0.76-1.05,1.5 T,271-367,2517,117
Fe68Cr5Nb4Y6B22 alloy,0.76-1.05,1.5 T,271-367,2517,118
Fe68Cr6Nb4Y6B22 alloy,0.76-1.05,1.5 T,271-367,2517,119
LaMnO3+delta,0.451(1),6 T,180,2521,264
CdCr2Se4,1.4-1.5,nan kOe,,2522,6
HgCr2Se4,1.4-1.5,nan kOe,,2522,202
MnCoGe,50,5.0 T,,2523,274
EuTiO3,40.3,5 T,,2525,104
Fe2Zr phase,,nan T,355,2528,109
HoMnO3,8.9,nan T,17.7,2529,238
PrAlGe,,nan T,16,2531,325
SrGd2O4,20.39,nan T,2.8,2534,352
Fe3AlN,3.355,5 T,780,2544,110
Mn3NiN,54,nan T,262,2545,270
DyFe2Si2,16.08,nan T,4.05,2563,61
TbFe2Si2,9.88,nan T,6.25,2563,374
HoMnO3,2,9 T,16,2565,239
Pr2CoMnO6 oxide,1.98,5 T,173,2566,317
Gd wire,2.6,,,2573,137
TbMnO3,-17.8,8 T,,2580,379
ErCu2,14.9,nan kOe,11,2583,89
Gd3RuO7,8.12,0-5 T,11,2590,158
Nd3RuO7,2.18,0-5 T,15,2590,288
Pr3RuO7,1.35,0-5 T,52,2590,320
Tb3RuO7,7.78,0-5 T,12,2590,367
GdNi2,,nan T,75.4,2601,188
Amorphous Gd3Ni,,nan kOe,117,2603,4
Gd3Ni,,nan kOe,99,2603,314
Gd3Ni8Al,11,50 kOe,,2611,157
Ce5Ge4,-11.6,5 T,11.5,2613,10
PdNMn3,28.3,nan T,283,2616,313
Tb2C,,,266,2628,354
NdMn2Si2,27,5 T,36,2633,304
GdGa,4.81,5.0 T,183,2634,184
TbCo2Si2,1.8,5 T,46,2636,369
HoFeAl,7,5 T,87,2646,235
SrCoO3,2.89,5 T,300,2649,351
ErCu2Si2,22.8,0 to 5 T,,2660,90
ErCu2Si2,8.3,1 T,2.5,2660,91
ErCu2Si2,15.8,2 T,2.5,2660,92
NdNi3CuSi,-6.29,50 kOe,5.6,2669,305
TbNi4Si,-9.95,50 kOe,30,2669,383
HoNiAl,23.6,50 kOe,,2685,240
FeNb,8.65,5 T,43,2700,130
MnNb,9.09,5 T,50,2700,276
La2NiMnO6,1.17,5 T,,2707,250
ErFeGa,-5.5,nan kOe,77,2720,94
ErFeGa,-13,nan kOe,77,2720,95
ErFeGa,1.7,nan kOe,77,2720,96
Dy2FeAlO6,10.7,nan kOe,,2721,32
Gd2FeAlO6,25.9,nan kOe,,2721,144
Ho2FeAlO6,9.6,nan kOe,,2721,207
Dy2ZnMnO6,8.32,50 kOe,10.4,2725,42
Gd2ZnMnO6,15.17,50 kOe,6.4,2725,153
Ho2ZnMnO6,13.19,50 kOe,6.8,2725,216
NdCo4Ga,0.62,1.5 T,405,2731,299
DyTiO3,9.64 and 15.88,2 and 5 T,65,2747,72
Graphite intercalated FeCl3,-5.52,,,2750,201
GdF3,528(mJ cm(-3) K-1),9 T,,2759,181
ErSi,-14.8,nan T,12.5,2760,99
Fe2Ta thin film,6.9 (positive) and -2.0 (negative)(J/m^3 K),0.05-0.5 T,,2769,108
Holmium,32,nan T,,2781,244
HoCo2,,6 T,82,2784,229
NdCu2Si2,5.9,7 T,13.6,2787,301
PrCu2Si2,8,7 T,3.5,2787,327
NdCo2B2,4.5,20 kOe,27,2798,296
NdCo2B2,8.3,70 kOe,27,2798,297
NdGa,6.4 and 15.5,nan T,20 and 42,2800,302
Er26Co9Ga8,-11.8,50.0 kOe,,2802,76
 Al) alloy ribbons,> 0.6,12 kOe,,2811,1
Fe3Mn2Si3,,nan T,150,2812,111
Fe4MnSi3,4,5.0 T,300,2812,113
Dy2Ni7,-7.3,50 kOe,,2818,37
Ho2Ni7,-2.5,50 kOe,,2818,210
NdAl2,1.18(J/mol K),30 kOe,77,2820,293
PrAl2,3.15(J/mol K),30 kOe,32,2820,324
Ho5Si4,-14.8,nan kOe,76,2834,224
NdAuGa,3.1,5 T,,2835,294
EuO,,,69,2838,100
TbNi2,,nan T,38,2845,380
TbNi2Mn,,nan T,148,2845,382
Dy2CoMnO6,,nan T,85,2850,29
Dy2NiMnO6,,nan T,95,2850,38
Gd2CoMnO6,,nan T,115,2850,141
Tb2CoMnO6,20.8,,100,2857,356
DyOHCO3,33.34,nan T,,2867,71
TbOHCO3,30.99,nan T,,2867,384
DyFeSi,4.8,nan T,70,2879,63
TbFeSi,5.3,nan T,110,2879,376
Lanthanum manganite,1.5,,,2880,265
DyVO4,26,nan T,3.5,2891,75
LaCaMnCoO6,3.1,nan kOe,168,2894,253
Gd5Si2Ge2,17.55,0-5 T,270,2909,163
ErCoAl,11.0-18.5,30-70 kOe,16,2911,88
Gd film,2,2.0 T,275,2920,135
Dy2Ni2In,6.4,0-5 T,,2922,35
Ho2Ni2In,11.5,0-5 T,,2922,209
Nd2Ni2In,11.5,0-5 T,10.5,2922,287
Pr2Ni2In,9.3,0-5 T,7.5,2922,319
HoAgGa,16,5 T,7.2,2926,227
Fe2Ta,0.26,7 T,36,2930,107
LaCrO3,0.11 - 0.25 ,5 T,35,2932,255
NdCrO3,0.11 - 0.25 ,5 T,65,2932,300
SmCrO3,0.11 - 0.25 ,5 T,195,2932,334
BiGdO3,25,0-70 kOe,,2953,5
Co2VGa,,nan T,345,2955,12
GdNi4Si,-12.8,50 kOe,25,2956,189
Gd2MgTiO6 DP,46.21,nan T,,2964,147
GdCoC2,28.4,0-5 T,,2967,176
Dy2Co2Ga,7.5,7 T,55,2969,28
Er2Co2Ga,11.2,7 T,25.5,2969,78
Ho2Co2Ga,14.6,7 T,38.5,2969,205
Tm2Co2Ga,13.2,7 T,11.6,2969,388
GdZn,-7,nan T,270,2975,198
MnPtSi,,nan T,340,2981,278
Fe86La7B5Ce2,,,313,2983,120
Fe88La7B5,,,329,2983,125
HoCuSi,33.1,0-5 T,,2987,233
Mn3Sn2,28.2,5 T,257,2991,271
DyFeAl,3.1 and 8.3,2 and 7 T,129,2997,62
Ni45Mn44Sn9In2,24,5 T,430,2998,308
GdVO4,49,60 kOe,,3005,317
GdCrO3,2.64,5 T,,3006,284
Y2NiMnO6 Nanoparticle,4.96,50 kOe,,3017,607
Dy2CuMnO6,5.69,5 T,-12.1,3030,62
Er2CuMnO6,9.92,5 T,-3.6,3030,121
Gd2CuMnO6,7.84,5 T,-7.5,3030,243
Ho2CuMnO6,7.12,5 T,-12.2,3030,333
HoCo2,,nan T,78,3037,366
SmMnO3,8,7 T,,3042,519
Dy5Si2Ge2,-15.6,50 kOe,,3043,79
LaMn2Si2,,nan T,311,3055,426
LSMO/BTO thin films,1.03-1.95,nan T,283,3067,417
La2RuO5,,nan T,161,3081,419
DyCo2,7,2 T,,3083,83
YMnO3,18.31,10 T,,3090,608
Gd metal,3.8,1.5 T,,3093,231
Gd2Co3Al9,6.3,7 T,,3096,240
Ho2Ni2Ga,9.6,nan kOe,,3107,337
Tm2Ni2Ga,4.3,nan kOe,,3107,587
Cr5Te6,,,338,3113,42
Gd3Fe2,31.7,,,3118,252
TbRu2Si2,0.4(J/mol K),,4.7,3122,579
Co2Gd6,27.81,7 T,,3123,29
Co2Gd9,33.07,7 T,,3123,30
GdNi2,-17,10 T,70,3145,304
ErCo2,38,0-5 T,,3148,142
PrCo2B2,4.9,2 T,18,3158,505
PrCo2B2,9.6,7 T,18,3158,506
Ho2Au2In,15.8,7 T,21,3160,322
Ho2Cu2In,21.9,7 T,30,3160,332
GdDyFe ingot,,1.2 T,263,3177,294
GdDyFe ribbon,,1.2 T,275,3177,295
Dy3Ni8Si,-11.6,50.0 kOe,,3185,71
Tb3Co7Al2,,nan kOe,209,3185,546
Gd3Y4Pd3,,nan T,197,3187,258
CeIn2,,nan T,22,3193,24
Gd,,,293,3230,226
SrO/MgFe2O4,-132.5(J/mol K),nan T,,3233,532
NaGdF4 NCs,50.5,60 kOe,,3243,459
CoCeFeO4,0.463,5 T,630,3258,32
MnCeFeO4,0.404,5 T,640,3258,449
Eu2NiMnO6,3.2,5 T,143,3267,171
Gd2NiMnO6,3.8,5 T,130,3267,246
Tb2NiMnO6,3.5,5 T,112,3267,541
Gd,3.1,1 T,,3273,227
NdPdIn,,,34.3,3283,480
PrPdIn,,,11.2,3283,509
Cr5Te8,-2,nan kOe,220,3285,43
Tb3Co,,2 T,70 (approximate value),3290,544
Fe85Zr7B4Dy4,2.45,3 T,334,3292,199
Gd2AgSi3,9.5,0-9 T,,3293,237
HoGa,14.9,5 T,,3295,388
TmGa,26.1,5 T,15,3295,598
CrCl3,19,7 T,17,3298,46
Er2O3,15.02,5 T,3.32,3305,125
DyCrO3,21,7 T,147.1 +/- 0.1,3306,90
ErNi2Mn,4.8,0 to 5 T,50,3307,161
Gd3RuO7,,nan T,15,3308,257
Pr3RuO7,,nan T,55,3308,502
GdCrO3,57.5,14 T,169.28,3309,285
Er4CoCd,20.4,0-5 T,,3310,132
Ni44Mn39In9B4,2.8,50 kOe,268,3323,489
CeMn2Ge2,,,360,3330,25
Magnetic PLGA microspheres,0.061,,325,3331,432
Mn3Sn2,27(J/cm^3 K),5 T,,3339,440
GdNi4Ga,10.9,50.0 kOe,22,3344,307
GdNiGa2,,nan kOe,22,3344,312
Ho5Sn3,-9.5,nan kOe,,3352,360
TbScGe,-1.6,2 T,250,3356,580
CoEr2,21,5 T,,3373,39
Fe86Zr8B4Sm2,,,Close to room temperature,3377,200
Fe88Zr7B3Co2,,,Close to room temperature,3377,206
EuAuGe,7.6,nan T,33,3387,177
HoCo2,,nan T,77,3388,367
NdCu2Ge2,5.04,7 T,,3391,469
PrCu2Ge2,5.36,7 T,,3391,507
NaGdS2,54,5.0 T,,3395,460
Er6Ho6Co7,16.7,nan T,,3398,138
Mn3GaC,13.41,5.0 T,249,3400,434
DyNi,19,60 kOe,,3423,99
Mn4Ga2Sn,12,2.4 T,317,3437,442
Dy2CuSi3,183,nan kOe,,3440,63
Ho2CuSi3,28.3,nan kOe,,3440,334
HoNiGe3,-13.9,nan kOe,10.5,3446,404
HoNiGe3,-2.5,nan kOe,10.5,3446,405
HoNiGe3,-7.7,nan kOe,10.5,3446,406
HoNiGe3,-12.3,nan kOe,10.5,3446,407
Fe67Y33 ribbons,,,240,3456,194
MCSB,-175.64(J/mol K),nan T,,3463,430
Tb65Ni35,8.7,5 T,-64,3467,555
ErMn2Si2,25.2,5 T,,3468,154
Mn5Ge3,4.92,30 kOe,,3479,444
Dysprosium,5.5,3 T,,3486,116
GdCrTiO5 nanoparticles,22 +/- 3,nan T,,3493,289
NdMnO3,3.82,nan kOe,,3495,476
SmCo2,3.61,1.5 T,220,3503,517
CdCr2S4,7.04,5 T,87,3515,19
GdCrWO6,9.22,70.0 kOe,28-32,3516,290
TbCrWO6,,nan kOe,28-32,3516,565
Mn5Ge3,,nan T,299.8,3517,445
Co2CrAl,2.55,Up to 5 T,328.5,3521,28
NiMnCuGa,6.25,,,3531,494
Stacked Alloys,Over 25,,,3531,534
ErCoSi2,7.1,nan kOe,6.9,3550,146
TmCoSi2,8.7,nan kOe,5.4,3550,593
Ho5Ni2Te2,-10.0 to -9.4,nan kOe,,3551,354
ErCr2Si2,24.1,2 T,,3553,147
ErCoC2,17.2,nan T,14,3561,145
HoCoC2,15.6,nan T,11,3561,374
Dy2Co2Al,10.4,0-5 T,62,3562,54
Er2Co2Al,5.9,0-5 T,32,3562,117
Er2Ni2Al,16.2,0-5 T,12.5,3562,122
Ho2Co2Al,11.5,0-5 T,27or32,3562,323
Ho2Ni2Al,6,0-5 T,19,3562,336
Tm2Co2Al,7.7,0-5 T,11.5,3562,585
Ho5Ge4,-27,140 kOe,,3566,351
CrSbSe3,2.2,4.5 T,71,3574,49
Ni2MnGa microwires,,"0.2,0.5 T",Above 195,3579,487
AlFe2B2,6.95,5 T,,3582,4
Gd2In,-3.25,3.0 T,194,3583,245
ErCo2,,nan T,32,3594,143
MFMNABs,34.32,nan T,,3602,431
Ho2Co2Al,9.1,2 T,30,3606,324
Ho2Co2Al,18.4,5 T,21,3606,325
Gd3CoGe2,-4.9,nan T,150,3610,251
Gd,14.2,,,3622,228
CrO2,2.83,1.5 T,,3628,47
Tb6NiTe2,-4.86,5 T,,3635,557
Dy5CoBi2,-6.2,5.0 T,34,3639,73
Ho5PdBi2,,nan T,"38, 18",3639,356
Ho5PdSb2,,nan T,42,3639,357
Ho5RhBi2,,nan T,28,3639,358
Ho5RhSb2,,nan T,"38, 18",3639,359
Gd83Cu9Al8 MG,9.7,5 T,,3640,279
KCrP2O7,4.4,nan kOe,8.5,3659,412
AgCrO2,0.067,70 kOe,21,3673,1
TbNi2B2C,11.1,7 T,,3695,570
HoB2,40.1,,,3702,365
Gd3Ni/Gd65Ni35,9.64,5 T,120,3730,255
SmNi2,1.82,,,3731,520
Er2Rh3Ge,11,7 T,20,3738,126
Gd2Rh3Ge,12,7 T,64,3738,248
Gadolinium,12.1,7 T,,3758,219
Ni2MnGa microwires,-0.7,,315,3761,488
MnPdGa,-3.54,5 T,315,3764,457
Tb5Ge4,3.7,nan kOe,,3767,548
Tb5Si4,9.8,nan kOe,,3767,554
ErNi,-30,50 kOe,10,3776,156
GdNi,-18,50 kOe,69,3776,303
HoNi,-20,50 kOe,35,3776,394
Gd24Zn6L24,30,7 T,,3780,232
GdFeTiO5,18.9,nan T,,3791,298
GdMnTeO6,14.8,nan T,7,3791,301
Er4PtAl,21.5,nan kOe,12,3807,134
Ho4PtAl,14.5,nan kOe,19,3807,349
Annealed wires,3,nan T,,3820,12
TmCrO3,5-4?,,6-7 & 28,3843,594
Gd6Co2Si3,,nan T,~300,3852,272
Gd6Ni2Si3,,nan T,~300,3852,277
Er4PdMg,20.6,7 T,21.5,3860,133
MnFePGe,26.1,5 T,,3864,455
AlFe2B2,7.2,5 T,,3881,5
Y2CoMnO6,7.3,nan T,75,3883,605
Y2CoMnO6,0.26,nan T,,3883,606
ErFeAl,83,nan T,55,3889,150
HoFeAl,9.9,nan T,80,3889,384
CdCr2S4,0.86,5 T,76,3899,20
GdNiBC,24.9,7 T,15,3902,311
LaFeCoSi,2.6 - 1.8,0-2 T,207 - 285,3910,424
SmMn2Ge2,1.5,nan T,341,3916,518
Er6Fe23,1.8,14 kOe,481,3921,137
DyCO3B2,17.5,9 T,22,3923,81
FePt/FeRh,185(mJ/Kcc) ,nan T,,3931,213
Gd5Si2Ge2,6.5,2 T,,3946,266
Dy5Ni2In4,4.7,7 T,105,3949,77
Er5Ni2In4,10.2,7 T,21,3949,136
Ho5Ni2In4,10.1,7 T,31,3949,353
Bulk sample,7.5,5.0 T,,3969,16
Bulk sample,7.7,5.0 T,,3969,17
Dy5Ir2Bi,,5 T,35.6,3990,75
Dy5Ir2Pb,,5 T,45.1,3990,76
Gd5Ir2Bi,-9,5 T,,3990,261
Gd5Ir2Pb,-6.5,5 T,159.3,3990,262
Gd5Ir2Sb,-8.7,5 T,"124.4, 118.5",3990,263
Gd5Ir2Sn,-7.3,5 T,154.3,3990,264
Ho5Ir2Pb,,5 T,23.5,3990,352
Tb5Ir2Bi,,5 T,68.6,3990,549
Tb5Ir2Pb,,5 T,98.2,3990,550
Tb5Ir2Sb,,5 T,65.5,3990,551
Tb5Ir2Sn,,5 T,99.2,3990,552
HoErGdCuNi amorphous,15.8,0-7 T,,3999,383
CeFe2,,nan T,227,4004,23
Tb3Co,-18,5 T,,4009,545
Fe65Ni35,0.495,,100,4015,192
AlFe2B2,4.1,2 T,307,4021,6
AlFe2B2,77,5 T,307,4021,7
DySb,-20.6,7 T,,4027,105
Dy3CoNi,12.8 - 18.5,5 T,40,4029,69
Ho3CoNi,12.8 - 18.5,5 T,6,4029,344
Tb3CoNi,12.8 - 18.5,5 T,96,4029,547
TmCuAl,17.2,2 T,,4039,595
TmNiAl,5.5,2 T,,4039,601
Dy2CoAl3,9.4,0-7 T,33,4043,55
Gd2CoAl3,16.2,0-7 T,70,4043,241
Ho2CoAl3,16.5,0-7 T,20,4043,326
Tb2CoAl3,10.6,0-7 T,47,4043,536
Ni95Cr5,0.08,,,4059,492
TmGa,12.9 and 20.6,1 and 2 T,12 and 15,4063,599
HoNi,22.8,5.0 T,35,4071,395
HoNi,18.8,5.0 T,13,4071,396
Gd4Sb3,4.25,7 T,,4076,259
DyNi4Si,-15.6,140.0 kOe,,4084,101
DyNi4Si,-9.3,50.0 kOe,,4084,102
GdNi4Si,-22.9,140.0 kOe,,4084,308
TbNi4Si,-13.5,140.0 kOe,,4084,573
TbNi4Si,-12.7,50.0 kOe,,4084,574
ErNi,-36.1,nan kOe,11,4089,157
ErNi,9.3,13.0 kOe,11,4089,158
TmFeO3,13.72,6 T,,4096,597
Cr75Fe25 thin film,,1-70 kOe,180,4112,44
Fe64Er7Nb6B23,1.16,1.5 T,340,4113,190
Fe66Er5Nb6B23,1.41,1.5 T,400,4113,193
Fe68Er3Nb6B23,1.06,1.5 T,490,4113,195
DyNiGa,10,5 T,,4123,104
Tb2In,6.6,5 T,165,4124,540
Mn5Ge3,,nan T,297.4,4136,446
LaNaMnMoO6,4,8 T,320,4147,428
GdFeTeO6,38.5,0-7 T,,4158,297
HoCrO3,7.2,7 T,140,4168,376
DyCrTiO5 NP,10.9 ± 0.1,3 T,,4202,92
LaFeO3,,,747,4203,425
MnCoGe,-23,,,4205,451
Gd films,9.57,5 T,,4209,230
Zinc Ferrite Nanoparticles,-0.652,nan kOe,25,4214,612
CeSi,-7.2,nan kOe,6.1,4223,26
CeSi,-13.7,nan kOe,6.1,4223,27
Aluminium induced Yttrium Chromate,,136 or 130 T, 110 or 75,4231,9
Mn4FeGe3,5.9,50 kOe,320,4243,441
HoN,18,,,4245,392
TbN,44,,,4245,569
Gd6CoTe2,-4.5 to -6.5,0-5 T,220 to 180,4247,274
Er2NiSi3,22.6,nan kOe,,4255,124
Gd2NiSi3,18.4,nan kOe,,4255,247
Dy2O3,18.2,6 T,4,4258,66
Tb2O3,6.6,6 T,8,4258,542
Mn3O4,11,20 kOe,,4268,439
GdCrO4,28,7 T,,4293,288
HoCrO4,29,7 T,,4293,382
HfMnP,,nan T,320,4301,321
ZrMnP,-6.7,nan T,370,4301,616
SmBiPt,,nan T,2.2,4302,516
DyCuAl,20.4,nan T,28,4304,93
MnP nanorod film,,nan T,279,4318,456
GdScGe,3.3,2 T,349(2),4319,314
GdScSi,2.5,2 T,354(2),4319,315
LBTMO thin films,,nan kOe,286,4329,413
DyCo4Al alloy,,nan kOe,Close to room temperature,4335,87
CrBr3,7.2,5 T,33,4352,45
ZnO,1.36,5 T,,4363,615
ZnCFe3,,nan kOe,358,4369,614
HoCoSi,,20 and 50 kOe,14,4375,375
BaMnS2,38.31,,,4420,15
Dy2Be2GeO7,16.1,2 T,,4423,52
Gd2Be2GeO7,54.8,7 T,,4423,238
HoN nanoparticles,27.5,nan kOe,14.2,4428,393
HoCrO3,0.813,2 T,134,4436,377
EuTiO3 film,24,2 T,,4442,185
EuTiO3,17,2 T,,4442,512
TbCO3B2, N/A, N/A T, N/A,4453,558
PrSi,22.2,70 kOe,,4465,510
Ho2NiMnO6,8.4,70.0 kOe,,4469,339
ErNi3Al9,14.7,50 kOe,,4476,164
Ni nanospheres,0.9,3 T,,4482,483
NicoreAgshell,1.3,3 T,,4482,496
GdNi4Al,16-10?,,30-9?,4490,306
GdNi4Si,16-10?,,30-9?,4490,309
NdNiAl4,,,30-9?,4490,478
TmZn,36(J/mol K),5 T,14.1,4492,602
TmCuAl,17.2,2 T,,4494,596
Eu2CuSi3,9.5,6 T,,4507,170
MnAs,40,5.0 T,,4516,447
Ni2MnGa,-86,5 T,313,4538,484
Dy3In,,nan T,125,4551,70
Dy5In3,,nan T,119,4551,74
DyIn3,,nan T,23,4551,95
EuAuZn,9.1,5 T,,4557,178
Dy3Co,-13.9,5 T,44,4558,68
Sr2FeMoO6,0.09,1 T,358,4562,530
Gd5Si2Ge2,7,2 T,,4574,267
Zinc Ferrite Nanoparticles,1.2,,,4575,613
Composite with 45% manganite,1.18,1.5 T,270,4589,41
GdMgAl,,9.0 T,59,4593,299
GdMgGa,,9.0 T,15.3,4593,300
Mn3GaC,15,2 T,165,4597,435
DyCrO3,15.9,50 kOe,,4626,91
GdCrO3,39.9,50 kOe,,4626,286
AlFe2B2,,,300,4636,8
TlFe3Te3,,nan T,220,4645,584
DySb,-36.4,5 T,10,4656,106
Gd3Co,11,,128,4659,250
Gd3Ni,18.5,,99,4659,254
Gd2Zn6,11.25,7.0 T,,4660,249
DyCo2,8.176,0-2 T,130,4662,84
TbCo2,3.133,0-2 T,240,4662,561
EuAu3Al2,-4.8,50 kOe,16.5,4667,175
NdMn2Si2,22.2,0-7 T T,,4671,474
CoCr2S4,3.99,0-50 kOe,,4673,37
CoCr2S4,1.24,0-50 and 0-100 kV/m(electric field) kOe,,4673,38
FeCr2S4,3.72,0-50 kOe,,4673,210
FeCr2S4,0.56,0-50 and 0-100 kV/m(electric field) kOe,,4673,211
Dy2Cu2Cd,17,0-70 kOe,48.5,4674,60
Tm2Cu2Cd,20.8,0-70 kOe,15,4674,586
Sr2FeMoO6,0.559,2.5 T,386,4675,531
ErAlO3,9.7,5 T,,4696,141
CoCl2 nanoparticles,4.1 or 11.5,3 or 7 T,,4698,33
ErCrWO6,5.3,0-7 T,-16.6,4715,149
GdCrWO6,9.13,0-7 T,-17,4715,291
HoCrO3,8.73,, N/A,4722,378
HoCrO3,7.22,, N/A,4722,379
HoCrO3,7.77,, N/A,4722,380
HoCrO3,6.7,, N/A,4722,381
GdVO4,35.77,5 T,,4734,316
La2CrMnO6,1.31,nan T,112,4735,418
Nd2CrMnO6,2.23,nan T,80,4735,462
Pr2CrMnO6,1.86,nan T,93,4735,499
TbxDyyGdzCo2,,nan T,130-300,4737,581
ErZn,23.3,7 T,20,4742,169
Dy2CoMnO6,3.5,6 T,88,4750,56
Dy2CoMnO6,9.1,20 T,88,4750,57
Sm2CoMnO6,1.4,6 T,123,4750,515
CaBaCo4O7,3,7 T,60,4760,18
Ho2O3,31.9,5 T,,4770,340
Tetragonal NiMnGa,2,2 T,,4771,583
Dy2Cr2C3,9.04,0-5 T,,4772,59
Er2Cr2C3,15.2,0-5 T,,4772,119
Ho2Cr2C3,13.98,0-5 T,,4772,329
{Co4Gd2},20,7 T,,4781,617
{Co4Gd6},23.6,7 T,,4781,618
{Co6Gd8},28.6,7 T,,4781,619
{Co8Gd2},11.8,7 T,,4781,620
{Co8Gd4},21.1,7 T,,4781,621
{Co8Gd8},21.4,7 T,,4781,622
SmNi2Fe,,50 kOe,450,4792,521
MnCoGe,33.6,7 T,,4795,452
GdCu4Mn,-1.3,5 T,,4797,292
HoGa,17.1 and 7.8,0-5 T,69 and 20,4811,389
Pr7Pd3,5.5,5 T,14.9,4813,503
Gd6Co2Si3,6.3,5 T,295,4820,273
HoNi/HoNi2 composite,18.23,nan kOe,,4850,397
Hexagonal HoPdAl,-20.6,5 T,12,4856,320
Orthorhombic HoPdAl,-13.7,5 T,10,4856,497
HoTiO3,5.96,2 T,53,4858,409
HoTiO3,11.56,5 T,53,4858,410
CoCr2O4,,nan T,96,4862,36
TbNiAl4,5.1,4 T,,4869,577
NCMNO3,1.88,7 T,,4877,458
Sr2CrMoO6,,,458,4881,528
YbTiO3,2.47,1.5 T,42,4883,610
YbTiO3,5.25,5.0 T,42,4883,611
TbMnO3,19.2,7 T,9,4886,567
Nanochain arrays,0.4,nan T,,4897,461
Ni45Mn44Sn7In4 Heusler alloy,17.5,5 T,,4910,490
GdVO4,45,7 T,,4921,318
Itinerant Magnets,>0.02,<0.01 T,,4929,411
Local Moment Systems,>0.14,>0.06 T,,4929,429
Amorphous Ho2O3,15.1,5 T,,4948,10
Ho2O3,22.4,5 T,,4948,50
ErRuSi,21.2,50 kOe,,4952,167
EuAgCd,7.2,nan T,27,4966,173
EuAgZn,7.7,nan T,29,4966,174
EuAuCd,8, N/A T,22,4966,176
EuPtZn,8.2,nan T,20,4966,181
HoCo2,,Up to 8 T,77,4971,368
Gd,,nan T,292,4999,229
HoCoGe,23.9,5 T,7.6,5007,232
SmSrCo2O6,Maximum,,175,5015,348
MnCoP,6,nan T,575,5022,295
GdTiGe,1.1,2 T,340-380,5026,212
Mn5Ge3,0.89 +/- 0.006,0.8 T,,5032,287
SmNi,,5 T,43,5036,346
Gd6Co2Ga,9.1,5.0 T,,5046,169
Ho6Co2Ga,10.1,5.0 T,,5046,223
DyFeO3,11.4,50 kOe,45,5057,63
ErFeO3,7.4,50 kOe,94,5057,96
HoFeO3,9.8,50 kOe,53,5057,241
Nanoperm alloy with Co addition,82,15 kOe,,5063,303
LaBiCaMn2O7,4.17,2 T,225,5073,265
GdFe6Al6,-0.94,7 T,,5078,185
GdFeAl,-3.72,7 T,,5078,187
GdMnAl,-1.38,7 T,,5078,191
GdNiAl,-13.63,7 T,,5078,200
GdPdAl,-13.05,7 T,,5078,207
GdPdIn,-6.13,7 T,,5078,209
DyPtMg,7.2,0-5 T,29,5079,74
HoPtMg,10.2,0-5 T,20,5079,257
TbPtMg,5.1,0-5 T,58,5079,379
CuRh2O4,2.72(J/mol K),nan T,,5080,41
Pr2In,-16 and -20,20 and 50 kOe,~57,5089,333
MnCoGe,6.17,5 T,293,5090,293
MnCoGe,3.78,5 T,260.5,5092,294
HoMn2O5,7.8,70 kOe,,5094,242
GdMnO3,31,nan kOe,,5096,193
MnV2O4,14.8 (for 0-2 T) and 24.0 (for 0-4 T),2 (for 0-2 T) and 4 (for 0-4 T) T,57,5101,302
AlFe2B2,7.75,5 T,,5103,7
Eu3O4,12.7,5 T,,5105,114
Mn3GaN,22.3,nan T,,5112,283
ErAgAl,-12.24,6.0 T,14,5119,83
Ni2MnGa,19.2, N/A T, N/A,5120,319
AlFe2B2,1.3,2.0 T,285,5131,8
Pb2CoUO6 double perovskite,4.38,4 T,10,5132,331
5% Eu substituted Gd2O3,-30.3,70 kOe,,5165,1
ABO3 manganite,,0.01 T,184,5172,2
ABO3 manganite,,1.8 T,184,5172,3
YCrO3,0.36,nan kOe,140,5181,393
DyCo2,,,151,5197,55
PrCo2,10.7,,42,5197,337
SrRuO3,-2.5,6.5 T,,5201,353
TbB2,12.7,7 T,144,5208,364
GdFe6Al6,-13.05,7 T,,5236,186
GdFeAl,-0.94,7 T,,5236,188
GdMnAl,-13.63,7 T,,5236,192
GdNiAl,-6.13,7 T,,5236,201
GdPdAl,-3.72,7 T,,5236,208
GdPdIn,-1.38,7 T,,5236,210
Tb2Co3Ge5,,nan T,"31.5, 19.4, and 11",5237,355
GdNi5 nanoparticles,13.5,50 kOe,,5243,197
GdNi5/Gd2O3 nanocapsules,5.7,50 kOe,,5243,198
DyNiGa2,6.2,nan T,,5246,71
ErNiGa2,11.4,nan T,,5246,104
HoNiGa2,10.4,nan T,,5246,250
TbMn2Ge2,9.1,5 T,97.5,5268,368
Gadolinium,,,292.2,5288,136
MnP,-4.7 to -3.2,5 T,291,5313,299
Dy2Mn2O7,5.7 (1T) and 20.1 (7T),1T and 7T T,39,5317,46
Ho2Mn2O7,4.3 (1T) and 18.4 (7T),1T and 7T T,39,5317,220
Yb2Mn2O7,3.9 (1T) and 13.9 (7T),1T and 7T T,39,5317,395
Gd7Ru3,21,50 kOe,,5322,173
HoB2,40.1,5 T,,5349,227
Co/Au nanoparticles,0.7,1 T,,5355,19
Gd2CoMnO6,25.4,,21,5357,146
Tb6FeBi2,2.68,,246,5358,359
Tb6FeSb2,2.25,,256,5358,361
TmTiO3,7.2,2 T,65,5369,390
TmTiO3,13.5,5 T,65,5369,391
GdZn2,11.5,7 T,85,5389,215
ErTiGe,0.8,nan T,39,5400,110
DyNi2,13.5,2 T,,5423,67
TbNi2,8,2 T,,5423,372
Gd8Ni6,23.5,70 kOe,,5425,174
ErIr3,12,70 kOe,,5427,97
EuS,37,5 T,,5464,118
Gd65Mn35,4.2,51 T,,5469,168
Mn3GaC,0.36,5 T,,5477,282
DyPtGa,,nan kOe,<20,5478,73
ErPtGa,,nan kOe,<20,5478,107
HoPtGa,,nan kOe,<20,5478,256
Eu4PdMg,5.5,7.2 T,,5479,115
Dy6Ru5Al7,5.4,nan T,,5482,54
Gd6Ru5Al7,6.2,nan T,83.4,5482,171
Tb6Ru5Al7,7.7,nan T,,5482,362
SrFeAsF,0.5(J/mol K),,122,5491,351
Gd5Ge4,24,5 T,,5495,163
Gd2O3/SiO2,Up to 70,nan T,,5498,151
NiMnCuGa,-9.86,,,5500,325
TmCoSi,12,nan T,,5511,385
TmCuSi,8.7,nan T,,5511,386
Mn3SnC,2.6,nan T,,5518,286
Nd2Ni2In,9.6,1 T,8,5522,307
ErCoSn,16.5,50 kOe,,5525,92
GdMn2Ge2,5.9,,,5545,190
SmNi3,2.3,50 kOe,60,5548,347
Gd analogue 4,23,7 T,,5558,140
Gd analogue 8,16,7 T,,5558,141
Gd4Co3,,,220,5562,158
ErRhSi,-8.7,5 T,,5563,108
Composite of tailored compositions,7.5,nan T,,5568,31
Ho2FeCoO6,13,7 T,270,5571,219
Pr2Pt2In,,nan T,9,5577,334
Amorphous GdNiAl,8.9,5 T,,5579,9
DyCrO4,29,8 T,,5608,61
HoCrO4,31,8 T,,5608,235
ErFe2,-0.23(J/mol K),nan T,596,5615,95
ErRu2Si2,19.3,7 T,,5617,109
TmNiSn,-10.5,3 T,2.4,5626,389
Gd5Si2Sb2,4.8,7 T,240,5630,167
DyCoNi,-15.5,7.0 T,68,5634,60
GdCoNi,-7.2,7.0 T,200,5634,178
HoCoNi,-19.6,7.0 T,42,5634,233
TbCoNi,-10.1,7.0 T,113,5634,366
Dy3BWO9,28.5,0-7 T,,5637,48
Gd3BWO9,54.8,0-7 T,,5637,154
Ho3BWO9,29.76,0-7 T,,5637,222
HoCuAl,-17.5,20 kOe,,5638,238
HoCuAl,-30.6,50 kOe,,5638,239
Cementite,3.07,2 T,475,5640,18
Gd3Rh,9.2,50 kOe,,5641,155
Gd5Si2Ge2 Alloy,9.97,0-5 T,,5642,165
GdNi,1.43,,,5674,194
GdNiCo,2.73,,,5674,204
GdNi8Si3,-19.8,140 kOe,3,5676,199
TbNi8Si3,-12.1,140 kOe,,5676,373
Bulk Ni53Mn24Ga23,-7.7,,,5688,15
Ni53Mn24Ga23 ribbon,-8.5,,,5688,324
GdNiAl2,17.3,0-5 T,30.5,5696,202
TbNiAl2,11.8,0-5 T,,5696,374
TmNiAl2,20.7,0-5 T,,5696,388
Er2In,-16,5 T,46,5698,77
Deformed Gd Ribbon,1.9,7 T,,5700,42
Gd Powder,3.2,7 T,,5700,139
Gd2ZnTiO6,53.5,9 T,,5713,153
DyVO4 nanoparticles,10.32,50 kOe,,5736,75
NdAl2,35.9,0-70 kOe,76.5,5742,310
TmAl2,8.9,0-70 kOe,6,5742,383
TbAl2 nanocapsules,23.83,70 kOe,,5745,363
ErCrO3,10.7,7 T,133,5753,93
LaMnO3,0.42,,160,5759,269
LaCrO3,,nan T,290,5767,266
Dy2CoGa3,-10.8,nan kOe,17,5772,44
Gd2CoGa3,-12.6,nan kOe,50,5772,145
Ho2CoGa3,-13.8,nan kOe,10,5772,216
ErCo2,23.0 - 4.5,5.0 T,32 - 360,5773,88
LaFeCoSi/LaPrFeCoSi,9.78,0-5 T,275 and 295,5774,267
DyNi4Si,15.6,14 T,,5777,70
HoRu2Si2,9.1,5 T,,5778,258
YbMnO3,2.0(J/mol K),10 T,,5791,398
Co35Er65,9.8,5 T,15,5795,27
Co45Er55,10.8,5 T,26,5795,29
AIFe2B2,,,290,5796,4
Tb3Ni,16.6 and 19.9,5 T,,5818,356
NdNi4Si,,9 T,8,5821,314
TmZn,26.9,5 T,,5822,392
Ho2CoMnO6 flat nanorods,12.4,7 T,,5840,218
Gd5Si2Ge2 alloy,,nan T,278.5,5842,166
ErB4,11.4,40 kOe,,5861,86
TmB4,12.6,40 kOe,,5861,384
EuDy2O4,25,0-8 T,,5872,116
EuHo2O4,30,0-8 T,,5872,117
ZnFe3N,2.2984,50 kOe,,5881,399
HoNiIn,-9.5 to -21.7,5.0 T,7 and 20,5894,251
NdCo4Al polycrystalline alloy,1.3,10 kOe,,5899,313
HoMnO3,8,7 T,,5904,243
DyCo2,,nan T,143,5908,56
Er2Cu2In,18.4,0-7 T,39.4,5917,76
Tm2Cu2In,18.2,0-7 T,31.6,5917,381
Gd2O3 nanoparticles,120,0-5 T,,5918,150
Gd2O3@SiO2 Composite,40,0-5 T,,5918,152
Pristine MST,1.6,3.0 T,,5924,342
HoCoSi,10.1,,,5933,234
Nd2Pt2In,6.25,7 T,16,5944,308
GdCo2,,nan T,407,5950,176
Er4NiCd,18.3,5 T,5.9,5972,82
GdNiGa,,"5, 9 T",30.5,5973,205
GdNiIn,,"5, 9 T",93.5,5973,206
HoNiSi,17.5,2.0 T,3.8,5975,252
HoNiSi,9.2,1.0 T,3.8,5975,253
HoNiSi,-7.2,0.5 T,3.8,5975,254
TNSD,30.6,nan kOe,,6020,354
Gd/MgO/W,3.4,0-30 kOe,,6024,143
Gd5Si2Ge2,20 to 36,nan kOe,277 to 272,6032,164
CrCl3,14.6,5 T,19.4,6038,37
Composite sample,4.6,50 kOe,,6047,32
LiHoF4,11,0.6 T,,6066,275
LiHoF4,19,1.0 T,,6066,276
LiHoF4,25.9,2.0 T,,6066,277
TmFe2,0.50(J/mol K),8 T,550,6068,387
RuSr2GdCu2O8,15.5,0-7 T,,6070,343
HoNi2,7(J/mol K),50 T,10.1,6081,247
PrAlSi,22.6,5 T,17.8,6082,336
LiErF4,24.3,0-0.6 T T,0.4,6087,272
LiErF4,33.1,0-1 T T,,6087,273
LiErF4,49,0-2 T T,,6087,274
FexO3,1.66,nan T,355,6099,131
FexO3,0.59,nan T,307,6099,132
FexO3,0.79,nan T,200,6099,133
FexO3,0.42,nan T,100,6099,134
ErCo2,-11.8(J/mol K),,,6103,89
HoCo2,,,Above 300,6103,229
DyNi2 ribbon,13.5,2 T,21.5,6112,68
Tb3Ni,6.9,9 T,,6143,357
GdFeO3,-52.5,0-9 T,,6152,189
Cu24Gd6,21.2,7.0 T,,6153,39
Fe2CrAl,,,202,6155,119
HoNiGa,22,5 T,,6163,249
Gadolinium,,nan T,293.4,6170,137
DyN,13.6,5 T,19.9,6172,65
HoN,24.5,5 T,14.2,6172,244
TbN,12,5 T,35.7,6172,371
Co37Ni35Al28 alloy,5.05,nan T,,6189,28
DyNiSb,5.2,3.0 T,,6190,72
Compound 3,13.23,,,6202,33
MnAs,12.8,5 T,,6208,290
DyMnO3,,nan T,8,6216,64
TbPdAl2,1.2,10 kOe,85.5,6225,375
TbPdAl2,2.2,20 kOe,85.5,6225,376
TbPdAl2,3.1,50 kOe,85.5,6225,377
TbPdAl2,3.6,70 kOe,85.5,6225,378
MnAs,30,5.0 T,318,6230,291
Mn7Sn4,3.3,0-5 T,,6235,289
furnace cooled FC sample,20.9,5.0 T,,6238,400
ErCo4Ge2,14.2,50 kOe,,6246,91
Ho2CoMnO6,2.2,5 T,73.5,6249,217
Ho2NiMnO6,1.7,5 T,81.2,6249,221
Ni52Mn26Ga22 ribbons,-30,5 T,,6258,323
TbVO4,20,2 T,,6293,380
Magnetoelectric heterostructures,14.9,,5,6304,278
Samarium Ferrite,,0-0.7 T,313,6307,344
Bulk GdVO4,,,2.5,6311,14
GdVO4 annealed,,,2.5,6311,213
GdVO4 nanopowder,,,2.2,6311,214
PrFe2Ge2,1.1,0-20 kOe,,6328,339
PrFe2Ge2,6.3,0-70 kOe,,6328,340
Gd5Ge2Si2Fex, N/A, N/A T, N/A,6353,162
Gd4Co2Mg3,-10.3,nan T,,6362,157
Er3Co,9,20 kOe,,6372,80
Er3Co,17,50 kOe,,6372,81
HoAl2,6.3(J/mol K),9 T,29,6388,224
HoAl2,5.0(J/mol K),9 T,20,6388,225
Tb3Rh,-11.6 to -21,nan T,88,6389,358
Corkite,14.86(J/mol(Fe3+) K),,48,6393,34
CrI3,5.65,9 T,,6395,38
GdCoO3,39.1,nan kOe,3.1,6412,179
HoFe3,0.12(J/mol K),30 kOe,,6435,240
YFe3,0.8(J/mol K),30 kOe,,6435,394
FeRh powders,10,1 T,,6441,130
Er2PtSi3,16.1,5 T,,6463,78
ErNiSi,19.1,50 kOe,,6484,105
NdRu2Ge2,3.2,50 kOe,19,6495,315
NdRu2Si2,4,50 kOe,23.5,6495,316
Dy3Co,-6.5,5 T,32,6525,49
Dy3Co,-2.1,2 T,43,6525,50
Co2CrAl,0.99,nan kOe,340,6529,20
FeRh,17,2 T,353,6533,128
Metal complexes,10 - 70,7 T,,6549,279
Dy2In,9.2,5 T,,6553,45
Fe48Rh52 alloy,12.8,1.8 T,,6556,125
MnAs,40,14 T,,6561,292
ErNiBC,17.1,2 T,,6564,103
GdNiBC,9.3,2 T,,6564,203
CeAuAl,4(J/mol K),,3.8,6572,16
NdAuAl,5.3(J/mol K),,10,6572,311
Eu2Co4Co4III,16.3,5.0 T,,6574,111
DyCo2 nanoparticles,13.2,1 to 7 T,,6580,59
Fe3GeTe2,,nan T,200,6581,121
BiMnVO5,14.6(J/mol K),nan kOe,11.5,6588,13
DyNi2B2C,17.6,5 T,,6592,69
ErNi2B2C,9.8,5 T,,6592,102
HoNi2B2C,17.7,5 T,,6592,248
Gd2MoO6,0.144,9 T,,6598,148
LaFeSiMn composite,3.8,1.5 T,,6599,268
DyCo2,11.4,nan T,,6603,57
TbCo2,3.44,2.0 T,230,6610,365
Gd53Co47,,nan T,709.5,6619,159
Gd56Co44,,nan T,710.4,6619,160
Gd58Co42,,nan T,711.2,6619,161
GdAl2,14.5,nan kOe,162,6634,175
ErAl2,-18,5 T,13,6661,84
Mn3SbN,10.2(J/mol K),,,6667,284
GdCrO3,31.6,70.0 kOe,,6678,180
FeCr2Te4,,nan T,123,6686,127
Nanostructured powder,4.5,5 T,,6688,304
Ni52Mn26Ga22,11.4,5 T,,6690,321
Dy5NiSi2,16.3,nan T,,6693,51
SrGd2O4,27,0-7 T,,6708,352
MnPS3 monolayer,2.8 (mu J/m^2 K),nan T,,6713,300
GdCrTiO5,36,7 T,0.9,6716,183
Gd2Cu2In,13.8,7 T,94.1,6744,147
MgMn6Ge6,,5 T,345,6745,280
Tm6Fe23,9.8(J/mol K),5 T,489,6752,382
PrSrMnCoO6,4.6,5 T,150,6758,341
GdCrO3,31.6,44 kOe,,6759,181
NiMnSn half Heusler,0.81,30 kOe,388,6780,328
HoB2 alloy,6.27,nan T,,6799,228
HoAl2/Al2O3,14.7,70 kOe,,6804,226
Gd7NiPd2,-6.85 (a-axis) and -6.49 (c-axis),7 T,298,6809,172
Nd3Pd4,7.8,0-5 T,6.5,6820,309
Pr3Pd4,6.9,0-5 T,,6820,335
ErC2@C nanoparticles,8.7,0-5 T,,6841,87
Mn3Si2Te6,2.53(1.67),5 (in-plane) and 5 (out-of-plane) T,74.18 +/- 0.08 (in-plane)and 74.35 +/- 0.05 (out-of-plane),6856,285
GdCo2B2,24,9 T,,6858,177
MnNiSi,44,5 T,,6866,298
Holmium film,-5 (near Tn),,,6868,259
Holmium film,-11.8 (at T=90K),,,6868,260
Co2FeAl nanoparticles,15,14 kOe,,6874,22
Gd3Ru,30,5 T,54,6886,156
BaFeO3,5.8,3 kOe,,6888,11
YbFe2As2,2.55,5 T,,6892,397
Gd2O3 in porous SiO2,29,5 T,,6914,149
{Gd44Ni22},44.9,7.0 T,,6917,401
ErMnO3,7,2 T,,6920,98
ErMnO3,17,5 T,,6920,99
ErMnO3,20,7 T,,6920,100
DyNi,18,5.0 T,,6964,66
GdNi,14.5,5.0 T,,6964,195
DyCu2,-5.2,50 kOe,28,6976,62
ErCu2,-11.7,50 kOe,11,6976,94
GdCu2,-2.1,50 kOe,43,6976,184
HoCu2,-17.2,50 kOe,10,6976,236
TbCu2,-5.5,50 kOe,51,6976,367
Bi2Sr2CaCu2O8,0.14,5 T,,7026,12
DyCo2,,,~ 100,7031,58
ErCo2,,,> 200,7031,90
HoCo2,,,~ 90,7031,230
ErAl2,-34,70 kOe,,7091,85
CeCrGe3,-2.2,5 T,70,7100,17
MnPtGa,-1.9,5 T,236,7125,301
Fe72Ni28,0.5,5 T,,7135,126
YbCrO4,5.07,50 kOe,,7140,396
Dy6Fe2Si3,-9.5,2 T,49,7144,52
Dy6Fe2Si3,2.39,7 T,,7144,53
Fe43Ni7Mn25Ga25,1.4-1.6,30 kOe,232-257,7182,122
Fe45Ni5Mn25Ga25,1.4-1.6,30 kOe,232-257,7182,123
Fe47Ni3Mn25Ga25,1.4-1.6,30 kOe,232-257,7182,124
TbMn2Si2,7.2,20 kOe,,7205,369
TbMn2Si2,5.4,20 kOe,,7205,370
Al2Mn2O7,4.5,5 kOe,,7208,6
NdZn2,-9,,23,7214,318
MnCr2O4,5.3,50 kOe,,7224,296
LCMO/LAO,3.2,6 T,,7232,261
LCMO/STO,12.1,6 T,,7232,262
GNSD,17.1,5 T,,7237,135
Gd2BaNiO5,36,0-7 T,,7238,144
Gd,-23.42,7 T,,7255,138
Gd6FeBi2,,nan kOe,350,7278,170
Tb6FeBi2,,nan kOe,250,7278,360
AgI,60,nan T,,7310,5
GdCrO4,29,9.0 T,,7322,182
Cr2Ge2Te6,,nan T,66.4(3),7330,35
HoCo2,12.72,2 T,,7351,231
Cr2O3,5-2?,nan T,,7360,36
PMN ferroelectric,6-2?,nan T,,7360,330
Sr3CoIrO6,22,7 T,,7389,350
Mn39Co26Ge35,1.76,1.5 T,,7411,281
Dodecanuclear 6,30.95,7 T,,7419,43
BaFe4+O3,5.8,50 kOe,,7441,10
GdSrCoFeO6,13,0-7 T,65,7457,211
HoCu2,-19.3,nan kOe,10.5,7485,237
La3CrAs5,1.23,50 kOe,,7516,264
MnCr2O4,6.1,50 kOe,,7517,297
ErNi,29,50 kOe,10,7638,101
GdNi,17,50 kOe,69,7638,196
HoNi,15,50 kOe,36.5,7638,246
Dy2NiMnO6,5.2,0-7 T,,7643,47
Eu2NiMnO6,4,0-7 T,,7643,113
Co2CrGa,,nan T,970,7645,21
Co2FeGa,,nan T,380,7645,23
Co2MnGa,,nan T,790,7645,25
LaMnO3,1.7,nan T,140,7680,270
Li2ZnV3O8,,nan T,-214,7706,271
Sr2CoTeO6,4.2,nan T,18,7716,349
ErPdSb,22,90 kOe,,7750,106
HoPdSb,48,90 kOe,2.2,7750,255
Co2HfSn,29.87,5 T,,7833,24
FeRh,,nan T,353 +/- 1 K,7851,129
La2CoRuO6,,nan kOe,27,7863,263
Nd2CoRuO6,,nan kOe,55,7863,306
Pr2CoRuO6,,nan kOe,46,7863,332
Sm2CoRuO6,3,50.0 kOe,78,7863,345
Nd2Co7,,1 T,613,7869,305
HoN,-14,nan T,,7937,245
NiMnGa,1.4 - 2.7 x 10^4(erg/gK),nan T,320 - 350,7949,326
NiMnSn,1.4 - 2.7 x 10^4(erg/gK),nan T,320 - 350,7949,327
Eu2In,35.6(J/mol K),nan T,55.2,7956,112
NdSrCoFeO6,1.84,40 kOe,,7981,317
PBMO,5.3418,,,7996,329
Er3+ substituted DyCrO3,10.92,40.0 kOe,,8006,79
Gd derivative,15.3,70.0 kOe,,8007,142
Mn5Ge3,4.96,3 T,,8008,288
Ni52Mn26Ga22 in polysulfone matrix,3.1,1.38 T,,8056,322
CuCr2Se4,,nan T,430,8081,40
Co2Nb,7.04(J/mol K),5 T,4.87,8119,26
CoFeNb,5.26(J/mol K),5 T,7.1,8119,30
Fe2Nb,4.93(J/mol K),5 T,8.44,8119,120
PrCo3,1.3,,330,8200,338
Ni4Nb2O9,,nan T,76,8269,320
NdBaMn2O6,,5 T,290,8308,312
